Chemistry,Absolute_zero
Chemistry,Absorbance
Chemistry,Absorption_(chemistry)
Chemistry,Abundance_(chemistry)
Chemistry,Accuracy
Chemistry,Acid
Chemistry,Acid_anhydride
Chemistry,Acid_dissociation_constant
Chemistry,Actinoid
Chemistry,Activated_complex
Chemistry,Activation_energy
Chemistry,Activity_series
Chemistry,Actual_yield
Chemistry,Open-chain_compound
Chemistry,Addition_reaction
Chemistry,Adhesion
Chemistry,Adsorption
Chemistry,Aeration
Chemistry,Alcohol
Chemistry,Aldehyde
Chemistry,Alkali_metal
Chemistry,Alkaline_earth_metal
Chemistry,Alkane
Chemistry,Alkene
Chemistry,Alkyl_group
Chemistry,Alkyne
Chemistry,Allomer
Chemistry,Allotrope
Chemistry,Alloy
Chemistry,Amalgam_(chemistry)
Chemistry,Amount_of_substance
Chemistry,Analyte
Chemistry,Analytical_chemistry
Chemistry,Anion
Chemistry,Anode
Chemistry,Aqueous_solution
Chemistry,Aromaticity
Chemistry,Arrow_pushing
Chemistry,Aryl
Chemistry,Atom
Chemistry,Atomic_mass
Chemistry,Atomic_mass_unit
Chemistry,Atomic_number
Chemistry,Atomic_orbital
Chemistry,Atomic_radius
Chemistry,Atomic_weight
Chemistry,Average_atomic_mass
Chemistry,Avogadro%27s_law
Chemistry,Avogadro%27s_number
Chemistry,Azeotrope
Chemistry,Barometer
Chemistry,Base_(chemistry)
Chemistry,Base_anhydride
Chemistry,Beaker_(glassware)
Chemistry,Beer%E2%80%93Lambert_law
Chemistry,Biochemistry
Chemistry,Bohr_model
Chemistry,Boiling
Chemistry,Boiling_point
Chemistry,Boiling-point_elevation
Chemistry,Chemical_bond
Chemistry,Boyle%27s_law
Chemistry,Bragg%27s_law
Chemistry,Brownian_motion
Chemistry,Buffered_solution
Chemistry,Bumping_(chemistry)
Chemistry,Bung
Chemistry,Burette
Chemistry,Calorimeter
Chemistry,Carbanion
Chemistry,Carbocation
Chemistry,Catalyst
Chemistry,Cathode
Chemistry,Cation
Chemistry,Centrifugation
Chemistry,Centrifuge
Chemistry,Resting_potential
Chemistry,Chain_reaction
Chemistry,Charge_number
Chemistry,Charles%27s_law
Chemistry,Chelating_agent
Chemistry,Chelation
Chemistry,Chemical_composition
Chemistry,Chemical_decomposition
Chemistry,Chemical_formula
Chemistry,Chemical_law
Chemistry,Chemical_nomenclature
Chemistry,Chemical_process
Chemistry,Chemical_reaction
Chemistry,Chemical_species
Chemistry,Chemical_substance
Chemistry,Chemical_synthesis
Chemistry,Chemistry
Chemistry,Chirality
Chemistry,Chromatography
Chemistry,Cis%E2%80%93trans_isomerism
Chemistry,Closed_system
Chemistry,Cluster_chemistry
Chemistry,Cohesion_(chemistry)
Chemistry,Colligative_property
Chemistry,Colloid
Chemistry,Combustion
Chemistry,Commission_on_Isotopic_Abundances_and_Atomic_Weights
Chemistry,Compression_(physics)
Chemistry,Chemical_compound
Chemistry,Concentration
Chemistry,Condensation
Chemistry,Condosity
Chemistry,Electrical_conductor
Chemistry,Conformation_(chemistry)
Chemistry,Conjugate_acid
Chemistry,Conjugate_base
Chemistry,Conjugated_system
Chemistry,Cooling_curve
Chemistry,Coordinate_covalent_bond
Chemistry,Coordination_complex
Chemistry,Corrosion
Chemistry,Coulomb
Chemistry,Covalent_bond
Chemistry,Critical_point_(thermodynamics)
Chemistry,Crystal
Chemistry,Crystallography
Chemistry,Cuvette
Chemistry,D-block
Chemistry,Dalton%27s_law
Chemistry,DI_water
Chemistry,Deliquescence
Chemistry,Delocalized_electron
Chemistry,Density
Chemistry,Denticity
Chemistry,Dependent_and_independent_variables
Chemistry,Deposition_(chemistry)
Chemistry,Dewar_flask
Chemistry,Diatomic
Chemistry,Diatomic_molecule
Chemistry,Diffusion
Chemistry,Dimer_(chemistry)
Chemistry,Dipolar_bond
Chemistry,Dipole
Chemistry,Bond_dipole_moment
Chemistry,Dispersion_(chemistry)
Chemistry,Dissociation_(chemistry)
Chemistry,Solvation
Chemistry,Distillation
Chemistry,Double_bond
Chemistry,Salt_metathesis_reaction
Chemistry,Ductility
Chemistry,Electric_charge
Chemistry,Electrolyte
Chemistry,Electrochemical_cell
Chemistry,Electromagnetic_radiation
Chemistry,Electromagnetic_spectrum
Chemistry,Electromagnetism
Chemistry,Electromotive_force
Chemistry,Electron
Chemistry,Electron_configuration
Chemistry,Electron_deficiency
Chemistry,Electron_pair
Chemistry,Electron_shell
Chemistry,Electronegativity
Chemistry,Electrophile
Chemistry,Electrosynthesis
Chemistry,Chemical_element
Chemistry,Elementary_reaction
Chemistry,Enantiomer
Chemistry,Enantiomorph
Chemistry,Endothermic_process
Chemistry,Energy
Chemistry,Amount_of_substance
Chemistry,Enthalpy
Chemistry,Enthalpy_of_fusion
Chemistry,Entropy
Chemistry,Environmental_chemistry
Chemistry,Enzyme
Chemistry,Empirical_formula
Chemistry,List_of_types_of_equilibrium
Chemistry,Erlenmeyer_flask
Chemistry,Exothermic_process
Chemistry,Intensive_and_extensive_properties
Chemistry,Extraction_(chemistry)
Chemistry,Extrinsic_property
Chemistry,F-block
Chemistry,Freezing
Chemistry,Faraday_constant
Chemistry,Faraday%27s_laws_of_electrolysis
Chemistry,Fick%27s_laws_of_diffusion
Chemistry,Filtration
Chemistry,Rate_equation#First_order_reactions
Chemistry,Laboratory_flask
Chemistry,Formal_charge
Chemistry,Fractional_distillation
Chemistry,Radical_(chemistry)
Chemistry,Freezing-point_depression
Chemistry,Freezing_point
Chemistry,Frequency
Chemistry,Functional_group
Chemistry,Galvanic_cell
Chemistry,Gas
Chemistry,Gas_chromatography
Chemistry,Gay-Lussac%27s_law
Chemistry,Geochemistry
Chemistry,Gibbs_energy
Chemistry,Glass
Chemistry,Gram-atom
Chemistry,Grignard_reaction
Chemistry,Ground_glass_joint
Chemistry,Group_(periodic_table)
Chemistry,Halogen
Chemistry,Hadron
Chemistry,Heat
Chemistry,Enthalpy_of_fusion
Chemistry,Henry%27s_law
Chemistry,Hess%27_law_of_constant_heat_summation
Chemistry,Hund%27s_rules
Chemistry,Hydrate
Chemistry,Hydration_reaction
Chemistry,Hydrogen
Chemistry,Hydrogen_bond
Chemistry,Hydrogenation
Chemistry,Hydrolysis
Chemistry,Hygroscopy
Chemistry,Ideal_gas
Chemistry,Gas_constant
Chemistry,Ideal_gas_law
Chemistry,Ideal_solution
Chemistry,Dependent_and_independent_variables
Chemistry,PH_indicator
Chemistry,Induced_radioactivity
Chemistry,Chemically_inert
Chemistry,Inorganic_compound
Chemistry,Inorganic_chemistry
Chemistry,Insulator_(electrical)
Chemistry,Intensive_and_extensive_properties
Chemistry,Intermolecular_force
Chemistry,International_System_of_Units
Chemistry,International_Union_of_Pure_and_Applied_Chemistry
Chemistry,Intramolecular_force
Chemistry,Intrinsic_property
Chemistry,Ion
Chemistry,Ionic_bond
Chemistry,Ionization
Chemistry,Isoelectronicity
Chemistry,Isomerization
Chemistry,Isomer
Chemistry,Isotope
Chemistry,Joule
Chemistry,Kelvin
Chemistry,Ketone
Chemistry,Chemical_kinetics
Chemistry,Kinetic_energy
Chemistry,Lability
Chemistry,Lanthanides
Chemistry,Crystal_structure
Chemistry,Lattice_energy
Chemistry,Law_of_conservation_of_energy
Chemistry,Law_of_conservation_of_mass
Chemistry,Law_of_multiple_proportions
Chemistry,Laws_of_thermodynamics
Chemistry,Leveling_effect
Chemistry,Lewis_acid
Chemistry,Lewis_base
Chemistry,Lewis_structure
Chemistry,Ligand
Chemistry,Light
Chemistry,Liquefaction
Chemistry,Liquid
Chemistry,Locant
Chemistry,London_dispersion_forces
Chemistry,Magnetic_quantum_number
Chemistry,Malleability
Chemistry,Manometer
Chemistry,Mass
Chemistry,Mass_concentration_(chemistry)
Chemistry,Mass_fraction_(chemistry)
Chemistry,Mass_number
Chemistry,Mass_spectrometry
Chemistry,Matter
Chemistry,Metal
Chemistry,Melting
Chemistry,Melting_point
Chemistry,Metalloid
Chemistry,Methylene_blue
Chemistry,Microcentrifuge
Chemistry,Mineral
Chemistry,Miscibility
Chemistry,Mixture
Chemistry,Moiety_(chemistry)
Chemistry,Molality
Chemistry,Molar_attenuation_coefficient
Chemistry,Molar_concentration
Chemistry,Molar_fraction
Chemistry,Molar_mass
Chemistry,Mole_(unit)
Chemistry,Molecular_formula
Chemistry,Molecular_orbital
Chemistry,Molecular_orbital_diagram
Chemistry,Molecule
Chemistry,Monatomic
Chemistry,Natural_abundance
Chemistry,Neutron
Chemistry,Nitrogen
Chemistry,Nucleon
Chemistry,Nucleophile
Chemistry,Atomic_nucleus
Chemistry,Noble_gas
Chemistry,Non-metal
Chemistry,Normality_(chemistry)
Chemistry,Atomic_nucleus
Chemistry,Nuclear_chemistry
Chemistry,Nuclear_magnetic_resonance_spectroscopy
Chemistry,Nuclear_transmutation
Chemistry,Nuclide
Chemistry,Number_density
Chemistry,Octet_rule
Chemistry,Olefin
Chemistry,Optical_activity
Chemistry,Orbital_hybridisation
Chemistry,Order_of_reaction
Chemistry,Organic_acid
Chemistry,Organic_base
Chemistry,Organic_compound
Chemistry,Organic_chemistry
Chemistry,Organic_redox_reaction
Chemistry,Osmotic_pressure
Chemistry,Oxidation
Chemistry,Oxidation_state
Chemistry,Oxidizing_agent
Chemistry,Oxoacid
Chemistry,Oxygen
Chemistry,P-block
Chemistry,Paraffin_(disambiguation)
Chemistry,Partial_pressure
Chemistry,Pascal_(unit)
Chemistry,Passivation_(chemistry)
Chemistry,PH
Chemistry,Phase_(matter)
Chemistry,Phase_transition
Chemistry,Phi_bond
Chemistry,Physical_chemistry
Chemistry,Pi_bond
Chemistry,Pipette
Chemistry,Plasma_(physics)
Chemistry,Period_(periodic_table)
Chemistry,Periodic_table_of_the_elements
Chemistry,Chemical_polarity
Chemistry,Potential_energy
Chemistry,Pressure
Chemistry,Photon
Chemistry,Polyatomic
Chemistry,Polyatomic_ion
Chemistry,Protective_group
Chemistry,Proton
Chemistry,Protonation
Chemistry,Pyrolysis
Chemistry,Quantum_mechanics
Chemistry,Quark
Chemistry,Quantum
Chemistry,Racemate
Chemistry,Radiation
Chemistry,Radical_(chemistry)
Chemistry,Radioactive_decay
Chemistry,Raoult%27s_law
Chemistry,Rare-earth_metal
Chemistry,Rate_equation
Chemistry,Reactant
Chemistry,Reaction_mechanism
Chemistry,Reaction_rate
Chemistry,Reaction_rate_constant
Chemistry,Reactive_intermediate
Chemistry,Reactivity_(chemistry)
Chemistry,Reactivity_series
Chemistry,Reagent
Chemistry,Redox
Chemistry,Reducing_agent
Chemistry,Reduction_potential
Chemistry,Resonance_(chemistry)
Chemistry,Retort
Chemistry,Round-bottom_flask
Chemistry,Rust
Chemistry,S-block
Chemistry,Salt_(chemistry)
Chemistry,Salt_bridge
Chemistry,Saline_(medicine)
Chemistry,Schr%C3%B6dinger_equation
Chemistry,Rate_equation#Second_order_reactions
Chemistry,Semiconductor
Chemistry,Serial_dilution
Chemistry,Side_chain
Chemistry,Multiple_bond
Chemistry,Skeletal_formula
Chemistry,Sol_(colloid)
Chemistry,Solid
Chemistry,Solubility
Chemistry,Solution
Chemistry,Solution
Chemistry,Solvated_electron
Chemistry,Solvation
Chemistry,Solvation_shell
Chemistry,Solvent
Chemistry,Spectrochemistry
Chemistry,Spectroscopy
Chemistry,Standard_solution
Chemistry,Standard_conditions_of_temperature_and_pressure
Chemistry,State_of_matter
Chemistry,Stepwise_reaction
Chemistry,Stereochemistry
Chemistry,Stereoisomer
Chemistry,Stoichiometry
Chemistry,Strong_acid
Chemistry,Strong_base
Chemistry,Structural_formula
Chemistry,Structural_isomer
Chemistry,Subatomic_particle
Chemistry,Sublimation_(chemistry)
Chemistry,Chemical_substance
Chemistry,Substituent
Chemistry,Suspension_(chemistry)
Chemistry,Tarnish
Chemistry,Temperature
Chemistry,Yield_(chemistry)
Chemistry,Thermal_conductivity
Chemistry,Thermochemistry
Chemistry,Thermodynamics
Chemistry,Chemical_stability
Chemistry,Thermometer
Chemistry,Titration
Chemistry,Torr
Chemistry,Transition_metal
Chemistry,Transuranic_element
Chemistry,Multiple_bond
Chemistry,Triple_point
Chemistry,Tyndall_effect
Chemistry,UN_number
Chemistry,Uncertainty
Chemistry,Uncertainty_principle
Chemistry,Unified_atomic_mass_unit
Chemistry,Crystal_structure
Chemistry,Units_conversion_by_factor-label
Chemistry,Unpaired_electron
Chemistry,Vacuum_flask
Chemistry,Valence_electron
Chemistry,Valence_bond_theory
Chemistry,Valence_(chemistry)
Chemistry,Van_der_Waals_force
Chemistry,Van_%27t_Hoff_factor
Chemistry,Vapor
Chemistry,Vapor_pressure
Chemistry,Vaporization
Chemistry,Viscosity
Chemistry,Volatility_(chemistry)
Chemistry,Volt
Chemistry,Voltmeter
Chemistry,Volume
Chemistry,Volumetric_flask
Chemistry,Watch_glass
Chemistry,Water_(molecule)
Chemistry,Wave_function
Chemistry,Weak_acid
Chemistry,Weak_base
Chemistry,Wet_chemistry
Chemistry,Mechanical_work
Chemistry,Work-up_(chemistry)
Chemistry,X-ray
Chemistry,X-ray_scattering_techniques
Chemistry,X-ray_photoelectron_spectroscopy
Chemistry,Yield_(chemistry)
Chemistry,Zone_melting
Chemistry,Zwitterion
Chemistry,Zinc
Physics,Ab_initio_methods_(nuclear_physics)
Physics,Abbe_number
Physics,Absolute_electrode_potential
Physics,Absolute_humidity
Physics,Absolute_motion
Physics,Absolute_pressure
Physics,Absolute_scale
Physics,Absolute_zero
Physics,Absorption_spectroscopy
Physics,Absorbance
Physics,Accelerating_expansion_of_the_universe
Physics,Acceleration
Physics,Gravitational_acceleration
Physics,Accelerometer
Physics,Acoustics
Physics,Adhesion
Physics,Adiabatic_cooling
Physics,Adiabatic_heating
Physics,Adiabatic_process
Physics,Aerodynamics
Physics,Afocal_system
Physics,Air_mass
Physics,Air_mass_(solar_energy)
Physics,Albedo
Physics,Alloy
Physics,Alpha_decay
Physics,Alpha_particle
Physics,Alternating_current
Physics,Ammeter
Physics,Amorphous_solid
Physics,Ampere
Physics,Amplifier
Physics,Amplitude
Physics,Angle_of_incidence_(optics)
Physics,Angle_of_reflection
Physics,%C3%85ngstr%C3%B6m
Physics,Angular_acceleration
Physics,Angular_displacement
Physics,Angular_frequency
Physics,Angular_momentum
Physics,Angular_velocity
Physics,Anion
Physics,Annihilation
Physics,Anode
Physics,Anti-gravity
Physics,Antimatter
Physics,Antineutron
Physics,Antiparticle
Physics,Antiproton
Physics,Antiquark
Physics,Arc_length
Physics,Archimedes%27_principle
Physics,Area_moment_of_inertia
Physics,Astrophysics
Physics,Attenuation_coefficient
Physics,Atom
Physics,Atomic_line_filter
Physics,Atomic_mass
Physics,Atomic_mass_unit
Physics,Atomic_number
Physics,Atomic_orbital
Physics,Atomic_packing_factor
Physics,Atomic_physics
Physics,Atomic_structure
Physics,Atomic_weight
Physics,Audio_frequency
Physics,Speed#Average_speed
Physics,Avogadro_constant
Physics,Avogadro_number
Physics,Avogadro%27s_law
Physics,Axion
Physics,Azimuthal_quantum_number
Physics,Babinet%27s_principle
Physics,Background_radiation
Physics,Ballistics
Physics,Balmer_series
Physics,Barometer
Physics,Baryon
Physics,Battery_(electricity)
Physics,Beam_(structure)
Physics,Bending
Physics,Bending_moment
Physics,Bernoulli%27s_equation
Physics,Bernoulli%27s_principle
Physics,Bessel_function
Physics,Beta_decay
Physics,Beta_particle
Physics,Big_Bang
Physics,Binding_energy
Physics,Binomial_random_variable
Physics,Biocatalysis
Physics,Biophysics
Physics,Black_body
Physics,Black-body_radiation
Physics,Block_and_tackle
Physics,Bohr_model
Physics,Boiling_point
Physics,Boiling_point_elevation
Physics,Boltzmann_constant
Physics,Bose%E2%80%93Einstein_condensate
Physics,Boson
Physics,Boyle%27s_law
Physics,Bra%E2%80%93ket_notation
Physics,Bragg%27s_law
Physics,Bremsstrahlung
Physics,Brewster%27s_angle
Physics,British_thermal_unit
Physics,Brittleness
Physics,Brownian_motion
Physics,Bulk_modulus
Physics,Buoyancy
Physics,Calculus
Physics,Capacitance
Physics,Capacitive_reactance
Physics,Carnot_cycle
Physics,Cartesian_coordinate_system
Physics,Cathode
Physics,Cathode_ray
Physics,Cation
Physics,Celestial_mechanics
Physics,Celsius_scale
Physics,Center_of_curvature
Physics,Center_of_gravity
Physics,Center_of_mass
Physics,Center_of_pressure_(fluid_mechanics)
Physics,Centigrade_(temperature)
Physics,Classical_central-force_problem
Physics,Centrifugal_force
Physics,Centripetal_force
Physics,CGh_physics
Physics,Chain_reaction
Physics,Change_of_base_rule
Physics,Charge_carrier
Physics,Chemical_physics
Physics,Chromatic_aberration
Physics,Circular_motion
Physics,Classical_mechanics
Physics,Friction#Coefficient_of_friction
Physics,Coherence_(physics)
Physics,Cohesion_(chemistry)
Physics,Cold_fusion
Physics,Complex_harmonic_motion
Physics,Composite_particle
Physics,Compton_scattering
Physics,Concave_lens
Physics,Condensation_point
Physics,Condensed_matter_physics
Physics,Momentum#Conservation
Physics,Conservation_law
Physics,Constructive_interference
Physics,Continuous_spectrum
Physics,Continuum_mechanics
Physics,Convection
Physics,Convex_lens
Physics,Coulomb
Physics,Coulomb%27s_law
Physics,Lens_(optics)#Types_of_simple_lenses
Physics,Cosmic_background_radiation
Physics,Creep_(deformation)
Physics,Crest_(physics)
Physics,Crest_factor
Physics,Critical_angle_(optics)
Physics,Critical_mass
Physics,Curie_temperature
Physics,Current_density
Physics,Curvilinear_motion
Physics,Cyclotron
Physics,Dalton%27s_law
Physics,Damped_vibration
Physics,Damping
Physics,Darcy%E2%80%93Weisbach_equation
Physics,Dark_energy
Physics,Dark_matter
Physics,DC_motor
Physics,Decibel
Physics,Definite_integral
Physics,Deflection_(engineering)
Physics,Deformation_(mechanics)
Physics,Density
Physics,Derivative
Physics,Destructive_interference
Physics,Diamagnetism
Physics,Dielectric
Physics,Diffraction
Physics,Direct_current
Physics,Dispersion_(optics)
Physics,Displacement_(fluid)
Physics,Distance
Physics,Drift_velocity
Physics,Doppler_effect
Physics,Drag_(physics)
Physics,Ductility
Physics,Dynamics_(mechanics)
Physics,Dyne
Physics,Econophysics
Physics,Elastic_collision
Physics,Elastic_energy
Physics,Elastic_instability
Physics,Elastic_modulus
Physics,Elasticity_(physics)
Physics,Electric_charge
Physics,Electric_circuit
Physics,Electric_current
Physics,Electric_displacement_field
Physics,Electric_field
Physics,Electric_field_gradient
Physics,Electric_intensity
Physics,Electric_generator
Physics,Electric_motor
Physics,Electric_potential
Physics,Electric_power
Physics,Electrical_conductor
Physics,Electrical_insulator
Physics,Electrical_potential_energy
Physics,Electrical_and_electronics_engineering
Physics,Electrical_network
Physics,Electrical_resistance
Physics,Electricity
Physics,Electro-optic_effect
Physics,Electrochemical_cell
Physics,Electrodynamics
Physics,Electrolytic_cell
Physics,Electromagnet
Physics,Electromagnetic_field
Physics,Electromagnetic_induction
Physics,Electromagnetic_radiation
Physics,Electromagnetic_spectrum
Physics,Electromagnetic_wave_equation
Physics,Electromagnetism
Physics,Electromechanics
Physics,Electromotive_force
Physics,Electron
Physics,Electron_capture
Physics,Atomic_orbital
Physics,Electron_pair
Physics,Electron_paramagnetic_resonance
Physics,Electronvolt
Physics,Electronegativity
Physics,Electronics
Physics,Electrostatics
Physics,Electrostriction
Physics,Elementary_charge
Physics,Elementary_particle
Physics,Emission_spectrum
Physics,Emissivity
Physics,Energy
Physics,Energy_level
Physics,Endothermic
Physics,Engineering_physics
Physics,Enthalpy
Physics,Entropy
Physics,Equilibrant_force
Physics,Equipartition
Physics,Escape_velocity
Physics,Excited_state
Physics,Exothermic
Physics,Experimental_physics
Physics,Farad
Physics,Falling_bodies
Physics,Faraday_(unit)
Physics,Faraday_constant
Physics,Fermat%27s_principle
Physics,Fermi_surface
Physics,Fermion
Physics,Ferrimagnetism
Physics,Ferromagnetism
Physics,Field_line
Physics,For_Inspiration_and_Recognition_of_Science_and_Technology
Physics,First_law_of_thermodynamics
Physics,Nuclear_fission
Physics,Flavour_(particle_physics)
Physics,Fluid
Physics,Fluid_mechanics
Physics,Fluid_physics
Physics,Fluid_statics
Physics,Fluorescence
Physics,Flux
Physics,Flux#Terminology
Physics,Focal_length
Physics,Focus_(optics)
Physics,Force
Physics,Force_carrier
Physics,Frame_of_reference
Physics,Fraunhofer_lines
Physics,Free_body_diagram
Physics,Frequency
Physics,Frequency_modulation
Physics,Free_fall
Physics,Freezing_point
Physics,Friction
Physics,Function_(mathematics)
Physics,Fundamental_forces
Physics,Fundamental_frequency
Physics,Fundamental_theorem_of_calculus
Physics,Nuclear_fusion
Physics,Gamma_ray
Physics,Gas
Physics,General_relativity
Physics,Geophysics
Physics,Gluon
Physics,Graham%27s_law_of_diffusion
Physics,Gravitation
Physics,Gravitational_constant
Physics,Gravitational_energy
Physics,Gravitational_field
Physics,Gravitational_potential
Physics,Gravitational_wave
Physics,Graviton
Physics,Gravity
Physics,Ground_(electricity)
Physics,Ground_reaction_force
Physics,Ground_state
Physics,Group_velocity
Physics,Hadron
Physics,Half-life
Physics,Hamilton%27s_principle
Physics,Hamiltonian_mechanics
Physics,Harmonic_mean
Physics,Heat
Physics,Heat_transfer
Physics,Helmholtz_free_energy
Physics,Henderson%E2%80%93Hasselbalch_equation
Physics,Henry%27s_law
Physics,Hertz
Physics,Higgs_boson
Physics,Homeokinetics
Physics,Horsepower
Physics,Huygens%E2%80%93Fresnel_principle
Physics,Hydrostatics
Physics,Ice_point
Physics,Electrical_impedance
Physics,Indefinite_integral
Physics,Inductance
Physics,Infrasound
Physics,Inertia
Physics,Electrical_reactance#Inductive_reactance
Physics,Integral
Physics,Integral_transform
Physics,International_System_of_Units
Physics,Invariant_mass
Physics,Ion
Physics,Ionic_bond
Physics,Ionization
Physics,Ionization_chamber
Physics,Ionizing_radiation
Physics,Isotope
Physics,Josephson_effect
Physics,Joule
Physics,Kelvin
Physics,Kinematics
Physics,Kinetic_energy
Physics,Kirchhoff%27s_circuit_laws
Physics,Kirchhoff%27s_equations
Physics,Lagrangian_mechanics
Physics,Laminar_flow
Physics,Laplace_transform
Physics,Laplace%E2%80%93Runge%E2%80%93Lenz_vector
Physics,Laser
Physics,Newton%27s_law_of_universal_gravitation
Physics,LC_circuit
Physics,Lenz%27s_law
Physics,Lepton
Physics,Lever
Physics,Light
Physics,Linear_actuator
Physics,Linear_algebra
Physics,Line_of_force
Physics,Linear_elasticity
Physics,Liouville%27s_theorem_(conformal_mappings)
Physics,Liquid
Physics,Liquid_crystal
Physics,Longitudinal_wave
Physics,M-theory
Physics,Mach_number
Physics,Machine
Physics,Machine_element
Physics,Maclaurin_series
Physics,Magnetic_field
Physics,Magnetism
Physics,Magnetostatics
Physics,Mass
Physics,Mass_balance
Physics,Mass_density
Physics,Mass_flux
Physics,Mass_moment_of_inertia
Physics,Mass_number
Physics,Mass_spectrometry
Physics,Material_properties
Physics,Materials_science
Physics,Mathematical_physics
Physics,Mathematics
Physics,Matrix_(mathematics)
Physics,Matter
Physics,Maxwell%27s_equations
Physics,Measure_of_central_tendency
Physics,Mechanical_energy
Physics,Mechanical_filter
Physics,Mechanical_equilibrium
Physics,Mechanical_wave
Physics,Mechanics
Physics,Melting
Physics,Meson
Physics,Modulus_of_elasticity
Physics,Molar_concentration
Physics,Molar_mass
Physics,Molecule
Physics,Molecular_physics
Physics,Moment_(physics)
Physics,Moment_of_inertia
Physics,Spectral_color
Physics,Motion_(physics)
Physics,Muon
Physics,Nanoengineering
Physics,Nanotechnology
Physics,Navier%E2%80%93Stokes_equations
Physics,Neurophysics
Physics,Neutrino
Physics,Neutron
Physics,Neutron_cross-section
Physics,Newton_(unit)
Physics,Newton%27s_laws_of_motion
Physics,Newton%27s_law_of_universal_gravitation
Physics,Newtonian_fluid
Physics,Newtonian_mechanics
Physics,Normal_force
Physics,Nth_root
Physics,Nuclear_force
Physics,Nuclear_physics
Physics,Nuclear_reaction
Physics,Nuclear_transmutation
Physics,Nucleon
Physics,Atomic_nucleus
Physics,Nuclide
Physics,Ohm
Physics,Ohm%27s_law
Physics,Optical_tweezers
Physics,Optically_detected_magnetic_resonance
Physics,Optics
Physics,Paraffin_wax
Physics,Series_and_parallel_circuits
Physics,Parity_(physics)
Physics,Particle
Physics,Particle_accelerator
Physics,Particle_displacement
Physics,Particle_physics
Physics,Pascal%27s_law
Physics,Pauli_exclusion_principle
Physics,Pendulum
Physics,Periodic_table_of_the_elements
Physics,Phase_(matter)
Physics,Phase_(waves)
Physics,Phase_equilibrium
Physics,Phenomenology_(physics)
Physics,Phosphorescence
Physics,Photoelectric_effect
Physics,Photon
Physics,Photonics
Physics,Physical_chemistry
Physics,Physical_constant
Physics,Physical_quantity
Physics,Physics
Physics,Piezoelectricity
Physics,Pion
Physics,Planck_constant
Physics,Planck_units
Physics,Planck%27s_law
Physics,Plasma_(physics)
Physics,Plasma_physics
Physics,Plasticity_(physics)
Physics,Pneumatics
Physics,Positron
Physics,Potential_energy
Physics,Power_(physics)
Physics,Pressure
Physics,Probability
Physics,Probability_distribution
Physics,Probability_theory
Physics,Proton
Physics,Psi_particle
Physics,Pulley
Physics,Pulse_(physics)
Physics,Pulse_wave
Physics,Quantization_(physics)
Physics,Quantum
Physics,Quantum_chromodynamics
Physics,Quantum_electrodynamics
Physics,Quantum_field_theory
Physics,Quantum_gravity
Physics,Quantum_mechanics
Physics,Quantum_number
Physics,Quantum_physics
Physics,Quantum_state
Physics,Quark
Physics,Quasiparticle
Physics,Radiant_energy
Physics,Radiation
Physics,Radioactive_decay
Physics,Radionuclide
Physics,Radius_of_curvature_(optics)
Physics,Redshift
Physics,Refraction
Physics,Refractive_index
Physics,Relative_atomic_mass
Physics,Relativistic_mechanics
Physics,Rigid_body
Physics,Rotational_energy
Physics,Rotational_speed
Physics,Rydberg_formula
Physics,Scalar_(physics)
Physics,Scattering
Physics,Science
Physics,Screw_(simple_machine)
Physics,Second_law_of_thermodynamics
Physics,Seebeck_effect
Physics,Series_and_parallel_circuit
Physics,Shadow_matter
Physics,Shear_modulus
Physics,Shear_strength
Physics,Shear_stress
Physics,Shortwave_radiation
Physics,Schr%C3%B6dinger_equation
Physics,Simple_harmonic_motion
Physics,Simple_machine
Physics,Siphon
Physics,Snell%27s_law
Physics,Solar_cell
Physics,Solid
Physics,Solid_mechanics
Physics,Solid-state_physics
Physics,Solubility
Physics,Sound
Physics,Special_relativity
Physics,Specific_activity
Physics,Speed
Physics,Speed_of_light
Physics,Speed_of_sound
Physics,Spherical_aberration
Physics,Spin_quantum_number
Physics,Stable_isotope_ratio
Physics,Stable_nuclide
Physics,Standard_atomic_weight
Physics,Standard_Model
Physics,Standing_wave
Physics,State_of_matter
Physics,Statics
Physics,Statistical_mechanics
Physics,Stiffness
Physics,Deformation_(mechanics)
Physics,Work_hardening
Physics,Strength_of_materials
Physics,Stress_(mechanics)
Physics,Stress%E2%80%93strain_curve
Physics,String_duality
Physics,String_theory
Physics,Structural_load
Physics,Subatomic_particle
Physics,Sublimation_(phase_transition)
Physics,Superconductivity
Physics,Superconductor
Physics,Superhard_material
Physics,Superposition_principle
Physics,Supersymmetry
Physics,Surface_tension
Physics,Temperature
Physics,Tensile_Modulus
Physics,Tensile_strength
Physics,Tesla_(unit)
Physics,Test_particle
Physics,Theoretical_physics
Physics,Theory_of_everything
Physics,Theory_of_relativity
Physics,Thermal_conduction
Physics,Thermal_equilibrium
Physics,Thermal_radiation
Physics,Thermionic_emission
Physics,Thermodynamic_equilibrium
Physics,Thermodynamic_free_energy
Physics,Thermodynamics
Physics,Thermometer
Physics,Third_law_of_thermodynamics
Physics,Torque
Physics,Total_internal_reflection
Physics,Toughness
Physics,Trajectory
Physics,Transducer
Physics,Transmission_medium
Physics,Transverse_wave
Physics,Trigonometry
Physics,Trimean
Physics,Triple_point
Physics,Truncated_mean
Physics,Uncertainty_principle
Physics,Uniform_motion
Physics,Uniform_circular_motion
Physics,Unit_vector
Physics,Utility_frequency
Physics,Vacuum
Physics,Valence_electron
Physics,Valence_shell
Physics,Valley_of_stability
Physics,Van_de_Graaff_generator
Physics,Variable_capacitor
Physics,Variable_resistor
Physics,Vector_(mathematics_and_physics)
Physics,Vector_space
Physics,Velocity
Physics,Virtual_image
Physics,Virtual_particle
Physics,Viscoelasticity
Physics,Viscosity
Physics,Visible_light
Physics,Volt
Physics,Volta_potential
Physics,Voltage
Physics,Voltmeter
Physics,Electric_field
Physics,Volume
Physics,W_and_Z_bosons
Physics,Watt
Physics,Wave
Physics,Wave_equation
Physics,Wave_function
Physics,Wave_function_collapse
Physics,Wave%E2%80%93particle_duality
Physics,Wavelength
Physics,Weak_interaction
Physics,Weber_(unit)
Physics,Wedge_(mechanical_device)
Physics,Weight
Physics,Wheel_and_axle
Physics,Wind
Physics,Wind_shear
Physics,Work_(physics)
Physics,Work_function
Physics,X-ray
Physics,Young%E2%80%99s_modulus
Physics,Zeeman_effect
Biology,Abiotic_component
Biology,Abscission
Biology,Absorption_(skin)
Biology,Absorption_spectrum
Biology,Acclimatization
Biology,Acetyl-CoA
Biology,Acoelomate
Biology,Action_potential
Biology,Activation_energy
Biology,Active_site
Biology,Active_transport
Biology,Adaptation
Biology,Adaptive_radiation
Biology,Adenine
Biology,Adenosine_triphosphate
Biology,Adipose_tissue
Biology,Aerobic_organism
Biology,Aerobiology
Biology,Agriculture
Biology,Agrobiology
Biology,Alga
Biology,Allopatric_speciation
Biology,Amino_acid
Biology,Amniote
Biology,Anaerobic_organism
Biology,Analogous_structures
Biology,Anatomy
Biology,Animal
Biology,Antibiotic
Biology,Apoptosis
Biology,Arachnology
Biology,Archaea
Biology,Selective_breeding
Biology,Asexual_reproduction
Biology,Astrobiology
Biology,Autoimmunity
Biology,Autotroph
Biology,B_cell
Biology,Bacteria
Biology,Bacteriophage
Biology,Barr_body
Biology,Basal_body
Biology,Behavioral_ecology
Biology,Bile
Biology,Fission_(biology)
Biology,Binomial_nomenclature
Biology,Biocatalysis
Biology,Biochemistry
Biology,Biodiversity
Biology,Bioengineering
Biology,Bioenergetics
Biology,Biogeography
Biology,Bioinformatics
Biology,Biological_organization
Biology,Biology
Biology,Biomass
Biology,Biomathematics
Biology,Biome
Biology,Biomechanics
Biology,Biomedical_engineering
Biology,Biomedical_research
Biology,Biomolecule
Biology,Biophysics
Biology,Biosynthesis
Biology,Biotechnology
Biology,Bipedal
Biology,Birth
Biology,Blastocyst
Biology,Blood
Biology,Blood-brain_barrier
Biology,Botany
Biology,Light-independent_reactions#Coupling_to_other_metabolic_pathways
Biology,Carbon_fixation
Biology,Carbonate
Biology,Carotenoid
Biology,Catalase
Biology,Cell_(biology)
Biology,Cell_biology
Biology,Cell_cycle
Biology,Cell_division
Biology,Cell_membrane
Biology,Cell_nucleus
Biology,Cell_plate
Biology,Cell_theory
Biology,Cell_wall
Biology,Central_dogma_of_molecular_biology
Biology,Centriole
Biology,Centrosome
Biology,Chemical_compound
Biology,Chemical_equilibrium
Biology,Chemical_reaction
Biology,Chemistry
Biology,Chemosynthesis
Biology,Chlorophyll
Biology,Chloroplast
Biology,Cholesterol
Biology,Chromosome
Biology,Cilia
Biology,Circadian_rhythm
Biology,Citric_acid_cycle
Biology,Clade
Biology,Class_(biology)
Biology,Clonal_selection
Biology,Cloning
Biology,Colony_(biology)
Biology,Comparative_biology
Biology,Conservation_biology
Biology,Convergent_evolution
Biology,Countercurrent_exchange
Biology,Crista
Biology,Cryobiology
Biology,Cytology
Biology,Cytoplasm
Biology,Cytosine
Biology,Cytoskeleton
Biology,Darwinian_fitness
Biology,Deciduous
Biology,Decomposition
Biology,Dehydration_reaction
Biology,Denaturation_(biochemistry)
Biology,Dendrite
Biology,Denitrification
Biology,Deoxyribonucleic_acid
Biology,Depolarization
Biology,Desmosome
Biology,Developmental_biology
Biology,Disease
Biology,DNA
Biology,DNA_replication
Biology,DNA_sequencing
Biology,Drug
Biology,Dynein
Biology,Ecological_efficiency
Biology,Ecological_pyramid
Biology,Ecological_succession
Biology,Ecology
Biology,Ecophysiology
Biology,Ecosystem
Biology,Ecotype
Biology,Ectoderm
Biology,Ectotherm
Biology,Effector_(biology)
Biology,Egg_(biology)
Biology,Electrochemical_gradient
Biology,Electron_acceptor
Biology,Electron_carrier
Biology,Electron_donor
Biology,Electron_microscope
Biology,Electron_transport_chain
Biology,Embryo
Biology,Embryology
Biology,Endangered_species
Biology,Endemism
Biology,Endergonic_reaction
Biology,Endocrine_gland
Biology,Endocrine_system
Biology,Endocytosis
Biology,Endoderm
Biology,Endogenous
Biology,Endoplasmic_reticulum
Biology,Endosperm
Biology,Endosymbiotic_theory
Biology,Endotherm
Biology,Entomology
Biology,Environmental_biology
Biology,Enzyme
Biology,Epidemiology
Biology,Epigenetics
Biology,Epiphyte
Biology,Essential_nutrient
Biology,Estrogen
Biology,Ethology
Biology,Eukaryote
Biology,Evolution
Biology,Evolutionary_biology
Biology,Exocytosis
Biology,Exogenous
Biology,Exponential_growth
Biology,External_fertilization
Biology,Extinction
Biology,Extranuclear_inheritance
Biology,Facultative_anaerobic_organism
Biology,Family_(biology)
Biology,Fermentation
Biology,Fitness_(biology)
Biology,Fitness_landscape
Biology,Fertilization
Biology,Fetus
Biology,Flagellum
Biology,Flavin_adenine_dinucleotide
Biology,Food_chain
Biology,Founder_effect
Biology,Fungi
Biology,G_protein
Biology,Gamete
Biology,Gene
Biology,Gene_pool
Biology,Genetic_code
Biology,Genetic_drift
Biology,Genetic_variation
Biology,Genetics
Biology,Genome
Biology,Genotype
Biology,Genus
Biology,Gizzard
Biology,Guanine
Biology,Habitat
Biology,Habituation
Biology,Heredity
Biology,Hermaphrodite
Biology,Herpetology
Biology,Heterosis
Biology,Heterotroph
Biology,Histology
Biology,Hormone
Biology,Host_(biology)
Biology,Hybrid_(biology)
Biology,Hydrocarbon
Biology,Ichthyology
Biology,Immune_response
Biology,Immunity_(medical)
Biology,Immunoglobulin
Biology,Infection
Biology,Insulin
Biology,Integrative_biology
Biology,Interferon
Biology,Internal_fertilization
Biology,International_System_of_Units
Biology,Interphase
Biology,Introduced_species
Biology,Invertebrate
Biology,Ion
Biology,Ionic_bond
Biology,Isomer
Biology,Isotonic_solutions
Biology,Jejunum
Biology,Kinase
Biology,Kingdom_(biology)
Biology,Krebs_cycle
Biology,Larva
Biology,Law_of_Independent_Assortment
Biology,Leukocyte
Biology,Lichen
Biology,Life
Biology,Biological_life_cycle
Biology,Ligament
Biology,Light-independent_reactions
Biology,Linked_genes
Biology,Lipid
Biology,Lipoprotein
Biology,M_phase
Biology,Macroevolution
Biology,Macromolecule
Biology,Macronutrient
Biology,Macrophage
Biology,Mammalogy
Biology,Marine_biology
Biology,Mast_cell
Biology,Mating
Biology,Medulla_oblongata
Biology,Meiosis
Biology,Membrane_potential
Biology,Messenger_RNA
Biology,Metabolism
Biology,Metamorphosis
Biology,Metaphase
Biology,Microbiology
Biology,Microevolution
Biology,Mitochondria
Biology,Mitosis
Biology,Molecule
Biology,Molecular_biology
Biology,Molecular_switch
Biology,Monomer
Biology,Morphology_(biology)
Biology,Motility
Biology,Motor_neuron
Biology,Mucous_membrane
Biology,Multicellular_organism
Biology,Mycology
Biology,Myofibril
Biology,Myosin
Biology,Natural_selection
Biology,Neurobiology
Biology,Neuron
Biology,Neurotransmitter
Biology,Ecological_niche
Biology,Nucleic_acid
Biology,Nucleic_acid_sequence
Biology,Nucleobase
Biology,Nucleoid
Biology,Nucleolus
Biology,Nucleotide
Biology,Offspring
Biology,Order_(biology)
Biology,Organ_(anatomy)
Biology,Organism
Biology,Ornithology
Biology,Osmosis
Biology,Paleontology
Biology,Parallel_evolution
Biology,Parasite
Biology,Parasitology
Biology,Pathobiology
Biology,Pathogen
Biology,Pathology
Biology,PH
Biology,Pharmacology
Biology,Phenotype
Biology,Pheromone
Biology,Phloem
Biology,Photosynthesis
Biology,Phylogeny
Biology,Phylum
Biology,Physiology
Biology,Phytochemistry
Biology,Phytopathology
Biology,Placebo
Biology,Plant
Biology,Plasmolysis
Biology,Pollination
Biology,Polymer
Biology,Polymerase_chain_reaction
Biology,Polyploidy
Biology,Population_(biology)
Biology,Population_biology
Biology,Population_ecology
Biology,Predation
Biology,Predator
Biology,Prey
Biology,Primer_(molecular_biology)
Biology,Progesterone
Biology,Prokaryote
Biology,Protein
Biology,Protist
Biology,Psychobiology
Biology,Regeneration_(biology)
Biology,Reproduction
Biology,Reproductive_biology
Biology,Ribonucleic_acid
Biology,Ribosome
Biology,RNA
Biology,RNA_polymerase
Biology,Ground_tissue#Sclerenchyma
Biology,Seed
Biology,Selective_breeding
Biology,Sessility_(motility)
Biology,Sex
Biology,Sexual_reproduction
Biology,Sociality
Biology,Sociobiology
Biology,Soil_biology
Biology,Species
Biology,Speciation
Biology,Sperm
Biology,Spore
Biology,Stem_cell
Biology,Steroid
Biology,Strain_(biology)
Biology,Structural_biology
Biology,Symbiogenesis
Biology,Symbiont
Biology,Symbiosis
Biology,Synthetic_biology
Biology,Systematics
Biology,Systems_biology
Biology,T_cell
Biology,Taxon
Biology,Taxonomy_(biology)
Biology,Telophase
Biology,Testosterone
Biology,Thymine
Biology,Tissue_(biology)
Biology,Phenotypic_trait
Biology,Transcription_(genetics)
Biology,Translation_(biology)
Biology,Trophic_level
Biology,Tumor
Biology,Unicellular_organism
Biology,Uracil
Biology,Urea
Biology,Urine
Biology,Uterus
Biology,Vacuole
Biology,Vasodilation
Biology,Vector_(epidemiology)
Biology,Vegetative_reproduction
Biology,Vertebrate
Biology,Vesicle_(biology_and_chemistry)
Biology,Vestigiality
Biology,Virology
Biology,Virus
Biology,White_blood_cell
Biology,Whole_genome_sequencing
Biology,Wood
Biology,Xanthophyll
Biology,Xylem
Biology,Yolk
Biology,Zoology
Biology,Zooplankton
Biology,Zygospore
Biology,Zygote
Computer Science,Abstract_data_type
Computer Science,Abstract_method
Computer Science,Abstraction_(software_engineering)
Computer Science,Agent_architecture
Computer Science,Agent-based_model
Computer Science,Aggregate_function
Computer Science,Agile_software_development
Computer Science,Algorithm
Computer Science,Algorithm_design
Computer Science,Algorithmic_efficiency
Computer Science,American_Standard_Code_for_Information_Interchange
Computer Science,Application_programming_interface
Computer Science,Application_software
Computer Science,Array_data_structure
Computer Science,Artifact_(software_development)
Computer Science,Artificial_intelligence
Computer Science,ASCII
Computer Science,Assertion_(software_development)
Computer Science,Associative_array
Computer Science,Automata_theory
Computer Science,Automated_reasoning
Computer Science,Bandwidth_(computing)
Computer Science,Bayesian_programming
Computer Science,Benchmark_(computing)
Computer Science,"Best,_worst_and_average_case"
Computer Science,Big_data
Computer Science,Big_O_notation
Computer Science,Binary_number
Computer Science,Binary_search_algorithm
Computer Science,Binary_tree
Computer Science,Bioinformatics
Computer Science,Bit
Computer Science,Bit_rate
Computer Science,Blacklist_(computing)
Computer Science,BMP_file_format
Computer Science,Boolean_data_type
Computer Science,Boolean_expression
Computer Science,Boolean_algebra
Computer Science,Byte
Computer Science,Booting
Computer Science,Callback_(computer_programming)
Computer Science,Central_processing_unit
Computer Science,Character_(computing)
Computer Science,Cipher
Computer Science,Class_(computer_science)
Computer Science,Class-based_programming
Computer Science,Class-based_programming
Computer Science,Client_(computing)
Computer Science,Cleanroom_software_engineering
Computer Science,Closure_(computer_programming)
Computer Science,Cloud_computing
Computer Science,Library_(computing)
Computer Science,Computer_programming
Computer Science,Coding_theory
Computer Science,Cognitive_science
Computer Science,Collection_(abstract_data_type)
Computer Science,Comma-separated_values
Computer Science,Compiler
Computer Science,Computability_theory
Computer Science,Computation
Computer Science,Computational_biology
Computer Science,Computational_chemistry
Computer Science,Computational_complexity_theory
Computer Science,Computational_model
Computer Science,Computational_neuroscience
Computer Science,Computational_physics
Computer Science,Computational_science
Computer Science,Computational_steering
Computer Science,Computer
Computer Science,Computer_architecture
Computer Science,Computer_data_storage
Computer Science,Computer_ethics
Computer Science,Computer_graphics
Computer Science,Computer_network
Computer Science,Computer_program
Computer Science,Computer_programming
Computer Science,Computer_science
Computer Science,Computer_scientist
Computer Science,Computer_security
Computer Science,Computer_vision
Computer Science,Computing
Computer Science,Concatenation
Computer Science,Concurrency_(computer_science)
Computer Science,Conditional_(computer_programming)
Computer Science,Container_(abstract_data_type)
Computer Science,Continuation-passing_style
Computer Science,Control_flow
Computer Science,Creative_Commons
Computer Science,Cryptography
Computer Science,Comma-separated_values
Computer Science,Cyberbullying
Computer Science,Cyberspace
Computer Science,Daemon_(computing)
Computer Science,Data_center
Computer Science,Database
Computer Science,Data_mining
Computer Science,Data_science
Computer Science,Data_structure
Computer Science,Data_type
Computer Science,Debugging
Computer Science,Declaration_(computer_programming)
Computer Science,Digital_data
Computer Science,Digital_signal_processing
Computer Science,Discrete_event_simulation
Computer Science,Disk_storage
Computer Science,Distributed_computing
Computer Science,Divide_and_conquer_algorithm
Computer Science,Domain_Name_System
Computer Science,Software_documentation
Computer Science,Domain_(software_engineering)
Computer Science,Domain_Name_System
Computer Science,Double-precision_floating-point_format
Computer Science,Download
Computer Science,Edge_device
Computer Science,Encryption
Computer Science,Event_(computing)
Computer Science,Event-driven_programming
Computer Science,Evolutionary_computing
Computer Science,Executable
Computer Science,Execution_(computing)
Computer Science,Exception_handling
Computer Science,Expression_(computer_science)
Computer Science,Fault-tolerant_computer_system
Computer Science,Feasibility_study
Computer Science,Field_(computer_science)
Computer Science,Filename_extension
Computer Science,Filter_(software)
Computer Science,Floating_point_arithmetic
Computer Science,For_loop
Computer Science,Formal_methods
Computer Science,Formal_verification
Computer Science,Functional_programming
Computer Science,Game_theory
Computer Science,"Garbage_in,_garbage_out"
Computer Science,Graphics_Interchange_Format
Computer Science,Gigabyte
Computer Science,Global_variable
Computer Science,Graph_theory
Computer Science,Handle_(computing)
Computer Science,Computational_complexity_theory
Computer Science,Hash_function
Computer Science,Hash_table
Computer Science,Heap_(data_structure)
Computer Science,Heapsort
Computer Science,Human-computer_interaction
Computer Science,Identifier_(computer_science)
Computer Science,Integrated_development_environment
Computer Science,Image_processing
Computer Science,Imperative_programming
Computer Science,Incremental_build_model
Computer Science,Information_space_analysis
Computer Science,Information_visualization
Computer Science,Inheritance_(computer_science)
Computer Science,Input/output
Computer Science,Insertion_sort
Computer Science,Instruction_cycle
Computer Science,Integer_(computer_science)
Computer Science,Integrated_development_environment
Computer Science,Integration_testing
Computer Science,Intellectual_property
Computer Science,Intelligent_agent
Computer Science,Interface_(computing)
Computer Science,Internal_documentation
Computer Science,Internet
Computer Science,Internet_bot
Computer Science,Interpreter_(computing)
Computer Science,Invariant_(computer_science)
Computer Science,Iteration
Computer Science,Java_(programming_language)
Computer Science,Kernel_(operating_system)
Computer Science,Library_(computing)
Computer Science,Linear_search
Computer Science,Linked_list
Computer Science,Linker_(computing)
Computer Science,List_(abstract_data_type)
Computer Science,Loader_(computing)
Computer Science,Logic_error
Computer Science,Logic_programming
Computer Science,Machine_learning
Computer Science,Machine_vision
Computer Science,Mathematical_logic
Computer Science,Matrix_(mathematics)
Computer Science,Computer_data_storage
Computer Science,Merge_sort
Computer Science,Method_(computer_programming)
Computer Science,Software_development_process
Computer Science,Modem
Computer Science,Natural_language_processing
Computer Science,Node_(computer_science)
Computer Science,Number_theory
Computer Science,Numerical_analysis
Computer Science,Numerical_method
Computer Science,Object_(computer_science)
Computer Science,Object_code
Computer Science,Object-oriented_analysis_and_design
Computer Science,Object-oriented_programming
Computer Science,Open-source_software
Computer Science,Operating_system
Computer Science,Optical_fiber
Computer Science,Pair_programming
Computer Science,Parallel_computing
Computer Science,Parameter_(computer_programming)
Computer Science,Peripheral
Computer Science,Pointer_(computer_programming)
Computer Science,Postcondition
Computer Science,Precondition
Computer Science,Primary_storage
Computer Science,Primitive_data_type
Computer Science,Priority_queue
Computer Science,Procedural_programming
Computer Science,Procedure_(computer_science)
Computer Science,Program_lifecycle_phase
Computer Science,Programming_language
Computer Science,Programming_language_implementation
Computer Science,Programming_language_theory
Computer Science,Prolog
Computer Science,Python_(programming_language)
Computer Science,Quantum_computing
Computer Science,Queue_(abstract_data_type)
Computer Science,Quicksort
Computer Science,R_(programming_language)
Computer Science,Radix
Computer Science,Record_(computer_science)
Computer Science,Recursion
Computer Science,Reference_(computer_science)
Computer Science,Reference_counting
Computer Science,Relational_database
Computer Science,Reliability_engineering
Computer Science,Regression_testing
Computer Science,Requirements_analysis
Computer Science,Robotics
Computer Science,Round-off_error
Computer Science,Router_(computing)
Computer Science,Routing_table
Computer Science,Run_time_(program_lifecycle_phase)
Computer Science,Run_time_(program_lifecycle_phase)
Computer Science,Search_algorithm
Computer Science,Auxiliary_memory
Computer Science,Selection_sort
Computer Science,Semantics_(computer_science)
Computer Science,Sequence
Computer Science,Serializability
Computer Science,Serialization
Computer Science,Service_level_agreement
Computer Science,Set_(abstract_data_type)
Computer Science,Software
Computer Science,Software_agent
Computer Science,Software_construction
Computer Science,Software_deployment
Computer Science,Software_design
Computer Science,Software_development
Computer Science,Software_development_process
Computer Science,Software_engineering
Computer Science,Software_maintenance
Computer Science,Software_prototyping
Computer Science,Software_requirements_specification
Computer Science,Software_testing
Computer Science,Sorting_algorithm
Computer Science,Source_code
Computer Science,Spiral_model
Computer Science,Stack_(abstract_data_type)
Computer Science,State_(computer_science)
Computer Science,Statement_(computer_science)
Computer Science,Computer_data_storage
Computer Science,Stream_(computing)
Computer Science,String_(computer_science)
Computer Science,Structured_storage
Computer Science,Subroutine
Computer Science,Symbolic_computation
Computer Science,Syntax_(programming_languages)
Computer Science,Syntax_error
Computer Science,System_console
Computer Science,Technical_documentation
Computer Science,Third-generation_programming_language
Computer Science,Top-down_and_bottom-up_design
Computer Science,Tree_(data_structure)
Computer Science,Type_theory
Computer Science,Upload
Computer Science,URL
Computer Science,User_(computing)
Computer Science,User_agent
Computer Science,User_interface
Computer Science,User_interface_design
Computer Science,Variable_(computer_science)
Computer Science,Virtual_machine
Computer Science,V-Model_(software_development)
Computer Science,Waterfall_model
Computer Science,WAV
Computer Science,Web_crawler
Computer Science,Wi-Fi
Computer Science,XHTML
Economics,Absolute_advantage
Economics,Adaptive_expectations
Economics,Aggregate_demand
Economics,Aggregate_supply
Economics,Aggregation_problem
Economics,Agent_(economics)
Economics,Agricultural_economics
Economics,Allocative_efficiency
Economics,Competition_law
Economics,Applied_economics
Economics,Appropriate_technology
Economics,Arbitrage
Economics,Arrow%27s_impossibility_theorem
Economics,Austrian_School
Economics,Autarky
Economics,Automatic_stabilizer
Economics,Autonomous_consumption
Economics,Average_cost
Economics,Average_fixed_cost
Economics,Average_variable_cost
Economics,Average_tax_rate
Economics,Backward_induction
Economics,Balance_of_payments
Economics,Balance_of_trade
Economics,Balanced_budget
Economics,Bank
Economics,Bankruptcy
Economics,Barriers_to_entry
Economics,Barter
Economics,Behavioral_economics
Economics,Bellman_equation
Economics,Bequest_motive
Economics,Bertrand%E2%80%93Edgeworth_model
Economics,Black%E2%80%93Scholes_model
Economics,Board_of_governors
Economics,Bond_(finance)
Economics,Borrower
Economics,Break-even_(economics)
Economics,Bretton_Woods_system
Economics,Deficit_spending
Economics,Budget_set
Economics,Balanced_budget
Economics,Big_push_model
Economics,Business_cycle
Economics,Business_economics
Economics,Business_sector
Economics,Capacity_utilization
Economics,Capital_(economics)
Economics,Capital_cost
Economics,Capital_flight
Economics,Capital_good
Economics,Cartel
Economics,Central_bank
Economics,Certificate_of_Deposit
Economics,Circular_flow_of_income
Economics,Circulation_(currency)
Economics,Classical_economics
Economics,Command_economy
Economics,Commerce
Economics,Commodity
Economics,Comparative_advantage
Economics,Competition_law
Economics,Competitive_market
Economics,Complementary_goods
Economics,Compound_interest
Economics,Computational_economics
Economics,Consumer
Economics,Consumer_choice
Economics,Consumer_confidence
Economics,Consumer_price_index
Economics,Consumer_surplus
Economics,Consumerism
Economics,Consumption_(economics)
Economics,Consumption_function
Economics,Contract_curve
Economics,Contract_theory
Economics,Convexity_in_economics
Economics,Corporation
Economics,Cost
Economics,Cost_curve
Economics,Cost_of_living
Economics,Cost_overrun
Economics,Cost-benefit_analysis
Economics,Cost-of-production_theory_of_value
Economics,Credit_bureau
Economics,Credit_card
Economics,Credit_score
Economics,Credit_rating
Economics,Credit_union
Economics,Creditor
Economics,Crowding_out_(economics)
Economics,Cultural_economics
Economics,Currency
Economics,Current_account_(balance_of_payments)
Economics,Cyclical_unemployment
Economics,Deadweight_loss
Economics,Debt
Economics,Debtor
Economics,Deficit_spending
Economics,Deflation
Economics,Deflator
Economics,Demand
Economics,Demand_curve
Economics,Demand_deposit
Economics,Demand_shock
Economics,Demographic_economics
Economics,Depreciation
Economics,Depression_(economics)
Economics,Deregulation
Economics,Diminishing_marginal_utility
Economics,Diminishing_returns
Economics,Discretionary_income
Economics,Disinflation
Economics,Disposable_and_discretionary_income
Economics,Dissaving
Economics,Distribution_(economics)
Economics,Domestic_final_demand
Economics,Duopoly
Economics,Dynamic_stochastic_general_equilibrium
Economics,Econometrics
Economics,Economic_development
Economics,Economic_efficiency
Economics,Economic_equilibrium
Economics,Economic_growth
Economics,Economic_indicator
Economics,Economic_interdependence
Economics,Economic_model
Economics,Economic_rent
Economics,Economic_rent
Economics,Economic_shortage
Economics,Economic_surplus
Economics,Economic_system
Economics,Economics
Economics,Economies_of_agglomeration
Economics,Economies_of_scale
Economics,Economies_of_scope
Economics,Economist
Economics,Economy
Economics,Effective_demand
Economics,Price_elasticity_of_demand
Economics,Elasticity_(economics)
Economics,Engineering_economics
Economics,Entrepreneurship
Economics,Environmental_economics
Economics,Equal_opportunity
Economics,Equilibrium_price
Economics,Equity_(economics)
Economics,Excess_supply
Economics,Exchange_rate
Economics,Excludability
Economics,Expected_utility_hypothesis
Economics,Expeditionary_economics
Economics,Experimental_economics
Economics,Externality
Economics,Factors_of_production
Economics,Federal_Open_Market_Committee
Economics,Federal_Reserve_System
Economics,Finance
Economics,Financial_economics
Economics,Financial_institution
Economics,Financial_planning
Economics,Financial_risk
Economics,Financial_transaction
Economics,Fiscal_policy
Economics,Fixed_cost
Economics,Foreign_exchange_market
Economics,Free_market
Economics,Free_trade
Economics,Frictional_unemployment
Economics,Full_employment
Economics,Functions_of_money
Economics,Future_value
Economics,GDP_deflator
Economics,General_equilibrium_theory
Economics,Gift_economy
Economics,Good_(economics)
Economics,Government_revenue
Economics,Government_spending
Economics,Gross_domestic_product
Economics,Growth_recession
Economics,Health_economics
Economics,Heterodox_economics
Economics,Household
Economics,Housing_starts
Economics,Hyperinflation
Economics,Implicit_cost
Economics,Import_quota
Economics,Import
Economics,Incentive
Economics,Income
Economics,Income_distribution
Economics,Income_effect
Economics,Indifference_curve
Economics,Individual_Retirement_Account
Economics,Industrial_organization
Economics,Industry_(economics)
Economics,Inelastic_demand
Economics,Inflation
Economics,Information_economics
Economics,Interest
Economics,Interest_rate
Economics,International_economics
Economics,Intertemporal_choice
Economics,Inventory_bounce
Economics,Investment
Economics,Investment_fund
Economics,Invisible_hand
Economics,IS%E2%80%93LM_model
Economics,JEL_classification_codes
Economics,Job_hunting
Economics,Joint_product_pricing
Economics,Just_price
Economics,Keynesian_economics
Economics,Wage_labour
Economics,Labor_economics
Economics,Laissez-faire
Economics,Law_of_Demand
Economics,Law_of_increasing_costs
Economics,Law_of_supply
Economics,Lease
Economics,Leprechaun_economics
Economics,Liability_(financial_accounting)
Economics,Loan
Economics,Local_tax
Economics,Long_run
Economics,Macroeconomics
Economics,Managerial_economics
Economics,Marginal_cost
Economics,Marginal_product_of_labor
Economics,Marginal_propensity_to_consume
Economics,Marginal_revenue
Economics,Marginal_utility
Economics,Marginal_value
Economics,Marginalism
Economics,Market_(economics)
Economics,Market_basket
Economics,Market_economy
Economics,Market_failure
Economics,Market_structure
Economics,Market_system
Economics,Mercantilism
Economics,Microeconomics
Economics,Monetarism
Economics,Monetary_economics
Economics,Monetary_policy
Economics,Monetary_system
Economics,Money
Economics,Money_supply
Economics,Monopolistic_competition
Economics,Monopoly
Economics,Monopsony
Economics,Mortgage
Economics,Motivation
Economics,Multiplier_(economics)
Economics,Mutual_fund
Economics,Nash_equilibrium
Economics,National_tax
Economics,National_wealth
Economics,Natural_monopoly
Economics,Natural_resource_economics
Economics,Need
Economics,Non-convexity_(economics)
Economics,Rivalry_(economics)
Economics,Oligopoly
Economics,Oligopsony
Economics,Opportunity_cost
Economics,Organizational_economics
Economics,Pareto_efficiency
Economics,Participation_(ownership)
Economics,Partnership
Economics,Per_capita
Economics,Perfect_competition
Economics,Personal_property
Economics,Physical_capital
Economics,Physiocracy
Economics,Population_economics
Economics,Preference_(economics)
Economics,Price
Economics,Price_ceiling
Economics,Price_controls
Economics,Price_elasticity_of_demand
Economics,Price_elasticity_of_supply
Economics,Price_floor
Economics,Price_index
Economics,Price_level
Economics,Pricing
Economics,Prime_rate
Economics,Producer_price_index
Economics,Economic_surplus
Economics,Product_differentiation
Economics,Production_(economics)
Economics,Production_possibilities_curve
Economics,Production_set
Economics,Profit_(economics)
Economics,Profit_motive
Economics,Progressive_tax
Economics,Proportional_tax
Economics,Proxemics
Economics,Public_economics
Economics,Public_good_(economics)
Economics,Pure_competition
Economics,Purchasing_power_parity
Economics,Quantitative_easing
Economics,Quantity_theory_of_money
Economics,Rate_of_profit
Economics,Rational_choice
Economics,Rational_expectations
Economics,Rationing
Economics,Real_GDP
Economics,Recession
Economics,Reflation
Economics,Regional_science
Economics,Regressive_tax
Economics,Regulation
Economics,Retail_sales
Economics,Returns_to_scale
Economics,Revenue
Economics,Rights
Economics,Right_to_work_law
Economics,Risk_aversion
Economics,Rivalry_(economics)
Economics,Saving
Economics,Scarcity
Economics,Economic_sector
Economics,Service_(economics)
Economics,Service_economy
Economics,Shift_work
Economics,Short_run
Economics,Shortage
Economics,Shrinkflation
Economics,Social_behavior
Economics,Social_choice_theory
Economics,Social_mobility
Economics,Socialist_economics
Economics,Sociality
Economics,Socioeconomics
Economics,Sole_proprietorship
Economics,Stagflation
Economics,Standard_of_living
Economics,Stockholm_School
Economics,Structural_unemployment
Economics,Substitution_effect
Economics,Substitute_good
Economics,Sunk_costs
Economics,Supply_(economics)
Economics,Supply_and_demand
Economics,Supply_chain
Economics,Supply_curve
Economics,Supply_(economics)
Economics,Supply_shock
Economics,Supply-side_economics
Economics,Economic_surplus
Economics,Tariff
Economics,Tax
Economics,Tax_rate
Economics,Terms_of_trade
Economics,Theory_of_the_firm
Economics,Thermoeconomics
Economics,Time_value_of_money
Economics,Total_cost
Economics,Trade
Economics,Transaction_cost
Economics,Transport_economics
Economics,Trough_(economics)
Economics,Underemployment
Economics,Unemployment
Economics,Unit_of_account
Economics,Unskilled_labor
Economics,Urban_economics
Economics,Utilitarianism
Economics,Value_(economics)
Economics,Value-added_tax
Economics,Variable_cost
Economics,Velocity_of_money
Economics,Wage
Economics,Want
Economics,Wealth
Economics,Wealth_effect
Economics,Welfare
Economics,Welfare_economics
Economics,Willingness_to_accept
Economics,Willingness_to_pay
Economics,Yield_(finance)
Economics,Zero-sum_game
Mathematics,Tensor
Mathematics,Absolute_geometry
Mathematics,Abstract_algebra
Mathematics,Abstract_analytic_number_theory
Mathematics,Abstract_differential_geometry
Mathematics,Abstract_harmonic_analysis
Mathematics,Homotopy_theory
Mathematics,Actuarial_science
Mathematics,Additive_combinatorics
Mathematics,Additive_number_theory
Mathematics,Affine_geometry
Mathematics,Affine_geometry_of_curves
Mathematics,Affine_differential_geometry
Mathematics,Ahlfors_theory
Mathematics,Algebra
Mathematics,Algebraic_analysis
Mathematics,Algebraic_combinatorics
Mathematics,Algebraic_computation
Mathematics,Algebraic_geometry
Mathematics,Algebraic_graph_theory
Mathematics,Algebraic_K-theory
Mathematics,Algebraic_number_theory
Mathematics,Algebraic_statistics
Mathematics,Algebraic_topology
Mathematics,Algorithmic_number_theory
Mathematics,Anabelian_geometry
Mathematics,Mathematical_analysis
Mathematics,Analytic_combinatorics
Mathematics,Analytic_geometry
Mathematics,Analytic_number_theory
Mathematics,Applied_mathematics
Mathematics,Approximation_theory
Mathematics,Arakelov_geometry
Mathematics,Arakelov_theory
Mathematics,Arithmetic
Mathematics,Arithmetic_algebraic_geometry
Mathematics,Arithmetic_combinatorics
Mathematics,Arithmetic_dynamics
Mathematics,Arithmetic_geometry
Mathematics,Arithmetic_topology
Mathematics,Arithmetical_algebraic_geometry
Mathematics,Assignment_problem
Mathematics,Asymptotic_combinatorics
Mathematics,Asymptotic_theory
Mathematics,Auslander%E2%80%93Reiten_theory
Mathematics,Axiomatic_set_theory
Mathematics,Bifurcation_theory
Mathematics,Biostatistics
Mathematics,Birational_geometry
Mathematics,C*-algebra
Mathematics,Cartesian_geometry
Mathematics,Calculus
Mathematics,Infinitesimal_calculus
Mathematics,Calculus_of_moving_surfaces
Mathematics,Calculus_of_variations
Mathematics,Catastrophe_theory
Mathematics,Categorical_logic
Mathematics,Category_theory
Mathematics,Chaos_theory
Mathematics,Character_theory
Mathematics,Class_field_theory
Mathematics,Differential_geometry
Mathematics,Algebraic_topology
Mathematics,Classical_analysis
Mathematics,Analytic_number_theory
Mathematics,Differential_calculus
Mathematics,Diophantine_geometry
Mathematics,Euclidean_geometry
Mathematics,Invariant_theory
Mathematics,Classical_mathematics
Mathematics,Projective_geometry
Mathematics,Tensor
Mathematics,Clifford_analysis
Mathematics,Clifford_theory
Mathematics,Cobordism_theory
Mathematics,Coding_theory
Mathematics,Cohomology_theory
Mathematics,Combinatorial_analysis
Mathematics,Combinatorial_commutative_algebra
Mathematics,Combinatorial_design_theory
Mathematics,Combinatorial_game_theory
Mathematics,Combinatorial_geometry
Mathematics,Combinatorial_group_theory
Mathematics,Combinatorial_mathematics
Mathematics,Combinatorial_number_theory
Mathematics,Combinatorial_optimization
Mathematics,Combinatorial_set_theory
Mathematics,Combinatorial_theory
Mathematics,Combinatorial_topology
Mathematics,Combinatorics
Mathematics,Commutative_algebra
Mathematics,Complex_algebra
Mathematics,Complex_algebraic_geometry
Mathematics,Complex_analysis
Mathematics,Complex_analytic_dynamics
Mathematics,Complex_analytic_geometry
Mathematics,Differential_geometry
Mathematics,Complex_dynamics
Mathematics,Complex_geometry
Mathematics,Complexity_theory_(disambiguation)
Mathematics,Computable_analysis
Mathematics,Computable_model_theory
Mathematics,Computability_theory
Mathematics,Computational_algebraic_geometry
Mathematics,Computational_complexity_theory
Mathematics,Computational_geometry
Mathematics,Computational_group_theory
Mathematics,Computational_mathematics
Mathematics,Computational_number_theory
Mathematics,Computational_statistics
Mathematics,Computational_synthetic_geometry
Mathematics,Computational_topology
Mathematics,Computer_algebra
Mathematics,Conformal_geometry
Mathematics,Constructive_analysis
Mathematics,Constructive_function_theory
Mathematics,Constructive_mathematics
Mathematics,Constructive_quantum_field_theory
Mathematics,Constructive_set_theory
Mathematics,Contact_geometry
Mathematics,Convex_analysis
Mathematics,Convex_geometry
Mathematics,Coordinate_geometry
Mathematics,CR_geometry
Mathematics,Cryptography
Mathematics,Decision_analysis
Mathematics,Decision_theory
Mathematics,Noncommutative_algebraic_geometry
Mathematics,Descriptive_set_theory
Mathematics,Differential_algebraic_geometry
Mathematics,Differential_calculus
Mathematics,Differential_Galois_theory
Mathematics,Differential_geometry
Mathematics,Differential_geometry_of_curves
Mathematics,Differential_geometry_of_surfaces
Mathematics,Differential_topology
Mathematics,Diffiety
Mathematics,Diophantine_geometry
Mathematics,Discrepancy_theory
Mathematics,Discrete_differential_geometry
Mathematics,Discrete_exterior_calculus
Mathematics,Discrete_geometry
Mathematics,Discrete_mathematics
Mathematics,Discrete_Morse_theory
Mathematics,Distance_geometry
Mathematics,Domain_theory
Mathematics,Donaldson_theory
Mathematics,Dynamical_systems_theory
Mathematics,Econometrics
Mathematics,Effective_descriptive_set_theory
Mathematics,Elementary_algebra
Mathematics,Elementary_arithmetic
Mathematics,Elementary_mathematics
Mathematics,Elementary_group_theory
Mathematics,Elimination_theory
Mathematics,Elliptic_geometry
Mathematics,Enumerative_combinatorics
Mathematics,Enumerative_geometry
Mathematics,Epidemiology
Mathematics,Noncommutative_algebraic_geometry
Mathematics,Ergodic_Ramsey_theory
Mathematics,Ergodic_theory
Mathematics,Euclidean_geometry
Mathematics,Differential_geometry
Mathematics,Euler_calculus
Mathematics,Experimental_mathematics
Mathematics,Extraordinary_cohomology_theory
Mathematics,Extremal_combinatorics
Mathematics,Extremal_graph_theory
Mathematics,Field_theory_(mathematics)
Mathematics,Finite_geometry
Mathematics,Finite_model_theory
Mathematics,Finsler_geometry
Mathematics,Arithmetic
Mathematics,Fourier_analysis
Mathematics,Fractal_geometry
Mathematics,Fractional_calculus
Mathematics,Fractional_dynamics
Mathematics,Fredholm_theory
Mathematics,Functional_analysis
Mathematics,Functional_calculus
Mathematics,Fuzzy_mathematics
Mathematics,Fuzzy_measure_theory
Mathematics,Fuzzy_set_theory
Mathematics,Galois_cohomology
Mathematics,Galois_theory
Mathematics,Galois_geometry
Mathematics,Game_theory
Mathematics,Gauge_theory
Mathematics,General_topology
Mathematics,Generalized_trigonometry
Mathematics,Geometric_algebra
Mathematics,Geometric_analysis
Mathematics,Geometric_calculus
Mathematics,Geometric_combinatorics
Mathematics,Geometric_function_theory
Mathematics,Geometric_invariant_theory
Mathematics,Geometric_graph_theory
Mathematics,Geometric_group_theory
Mathematics,Geometric_measure_theory
Mathematics,Geometric_topology
Mathematics,Geometry
Mathematics,Geometry_of_numbers
Mathematics,Global_analysis
Mathematics,Arithmetic_dynamics
Mathematics,Graph_theory
Mathematics,Character_theory
Mathematics,Group_representation_theory
Mathematics,Group_theory
Mathematics,Gyrotrigonometry
Mathematics,Hard_analysis
Mathematics,Harmonic_analysis
Mathematics,Arithmetic
Mathematics,Higher_category_theory
Mathematics,Higher-dimensional_algebra
Mathematics,Hodge_theory
Mathematics,Holomorphic_functional_calculus
Mathematics,Homological_algebra
Mathematics,Homology_theory
Mathematics,Homotopy_theory
Mathematics,Hyperbolic_geometry
Mathematics,Hyperbolic_geometry
Mathematics,Hypercomplex_analysis
Mathematics,Hyperfunction
Mathematics,Ideal_theory
Mathematics,Idempotent_analysis
Mathematics,Incidence_geometry
Mathematics,Inconsistent_mathematics
Mathematics,Infinitary_combinatorics
Mathematics,Infinitesimal_calculus
Mathematics,Infinitesimal_calculus
Mathematics,Information_geometry
Mathematics,Integral_calculus
Mathematics,Integral_geometry
Mathematics,Intersection_theory
Mathematics,Intuitionistic_type_theory
Mathematics,Invariant_theory
Mathematics,Inventory_theory
Mathematics,Inversive_geometry
Mathematics,Inversive_geometry
Mathematics,Inversive_ring_geometry
Mathematics,It%C3%B4_calculus
Mathematics,Iwasawa_theory
Mathematics,Job_shop_scheduling
Mathematics,K-theory
Mathematics,K-homology
Mathematics,K%C3%A4hler_manifold
Mathematics,KK-theory
Mathematics,Klein_geometry
Mathematics,Knot_theory
Mathematics,Kummer_theory
Mathematics,L-theory
Mathematics,Large_deviations_theory
Mathematics,Large_sample_theory
Mathematics,Lattice_theory
Mathematics,Lie_group_theory
Mathematics,Lie_sphere_geometry
Mathematics,Lie_theory
Mathematics,Line_geometry
Mathematics,Linear_algebra
Mathematics,Functional_analysis
Mathematics,Linear_programming
Mathematics,List_of_graphical_methods
Mathematics,Local_algebra
Mathematics,Local_class_field_theory
Mathematics,Low-dimensional_topology
Mathematics,Malliavin_calculus
Mathematics,Mathematical_biology
Mathematics,Mathematical_chemistry
Mathematics,Mathematical_economics
Mathematics,Mathematical_finance
Mathematics,Mathematical_logic
Mathematics,Mathematical_optimization
Mathematics,Mathematical_physics
Mathematics,Mathematical_psychology
Mathematics,Mathematical_sciences
Mathematics,Mathematical_sociology
Mathematics,Mathematical_statistics
Mathematics,Mathematical_system_theory
Mathematics,Matrix_ring
Mathematics,Matrix_calculus
Mathematics,Matrix_(mathematics)
Mathematics,Matroid_theory
Mathematics,Measure_theory
Mathematics,Metric_geometry
Mathematics,Microlocal_analysis
Mathematics,Model_theory
Mathematics,Abstract_algebra
Mathematics,Scheme_(mathematics)
Mathematics,Invariant_theory
Mathematics,Modular_representation_theory
Mathematics,Module_theory
Mathematics,Molecular_geometry
Mathematics,Morse_theory
Mathematics,Motivic_cohomology
Mathematics,Multilinear_algebra
Mathematics,Multiplicative_number_theory
Mathematics,Multivariable_calculus
Mathematics,Multiple-scale_analysis
Mathematics,Neutral_geometry
Mathematics,Nevanlinna_theory
Mathematics,Nielsen_theory
Mathematics,Non-abelian_class_field_theory
Mathematics,Non-classical_analysis
Mathematics,Non-Euclidean_geometry
Mathematics,Non-standard_analysis
Mathematics,Non-standard_calculus
Mathematics,Arithmetic_dynamics
Mathematics,Noncommutative_algebraic_geometry
Mathematics,Noncommutative_geometry
Mathematics,Noncommutative_harmonic_analysis
Mathematics,Noncommutative_topology
Mathematics,Nonlinear_analysis
Mathematics,Nonlinear_functional_analysis
Mathematics,Number_theory
Mathematics,Numerical_analysis
Mathematics,Numerical_linear_algebra
Mathematics,Operad_theory
Mathematics,Operation_research
Mathematics,Operator_K-theory
Mathematics,Operator_theory
Mathematics,Optimal_control_theory
Mathematics,Optimal_maintenance
Mathematics,Order_theory
Mathematics,Ordered_geometry
Mathematics,Oscillation_theory
Mathematics,P-adic_analysis
Mathematics,P-adic_analysis
Mathematics,P-adic_Hodge_theory
Mathematics,Parabolic_geometry_(disambiguation)
Mathematics,Paraconsistent_mathematics
Mathematics,Partition_theory
Mathematics,Perturbation_theory
Mathematics,Picard%E2%80%93Vessiot_theory
Mathematics,Plane_geometry
Mathematics,Point-set_topology
Mathematics,Pointless_topology
Mathematics,Poisson_geometry
Mathematics,Polyhedral_combinatorics
Mathematics,Possibility_theory
Mathematics,Potential_theory
Mathematics,Precalculus
Mathematics,Predicative_mathematics
Mathematics,Probability_theory
Mathematics,Probabilistic_combinatorics
Mathematics,Probabilistic_graph_theory
Mathematics,Probabilistic_number_theory
Mathematics,Projective_geometry
Mathematics,Projective_differential_geometry
Mathematics,Proof_theory
Mathematics,Pseudo-Riemannian_geometry
Mathematics,Pure_mathematics
Mathematics,Quantum_calculus
Mathematics,Quantum_geometry
Mathematics,Quaternion
Mathematics,Ramsey_theory
Mathematics,Rational_geometry
Mathematics,Rational_trigonometry
Mathematics,Real_algebraic_geometry
Mathematics,Real_algebraic_geometry
Mathematics,Real_analysis
Mathematics,Real_K-theory
Mathematics,Recreational_mathematics
Mathematics,Recursion_theory
Mathematics,Representation_theory
Mathematics,Representation_theory_of_algebras
Mathematics,Representation_theory_of_diffeomorphism_groups
Mathematics,Representation_theory_of_finite_groups
Mathematics,Group_representation
Mathematics,Representation_theory_of_Hopf_algebras
Mathematics,Representation_theory_of_Lie_algebras
Mathematics,Representation_theory_of_Lie_groups
Mathematics,Representation_theory_of_the_Galilean_group
Mathematics,Representation_theory_of_the_Lorentz_group
Mathematics,Representation_theory_of_the_Poincar%C3%A9_group
Mathematics,Representation_theory_of_the_symmetric_group
Mathematics,Ribbon_theory
Mathematics,Riemannian_geometry
Mathematics,Rough_set
Mathematics,Sampling_(statistics)
Mathematics,Scheme_(mathematics)
Mathematics,Secondary_calculus
Mathematics,Self-similarity
Mathematics,Real_algebraic_geometry
Mathematics,Set-theoretic_topology
Mathematics,Set_theory
Mathematics,Sheaf_theory
Mathematics,Sheaf_cohomology
Mathematics,Sieve_theory
Mathematics,Operator_theory
Mathematics,Singularity_theory
Mathematics,Smooth_infinitesimal_analysis
Mathematics,Solid_geometry
Mathematics,Spatial_geometry
Mathematics,Spectral_geometry
Mathematics,Spectral_graph_theory
Mathematics,Spectral_theory
Mathematics,Spectral_theory_of_ordinary_differential_equations
Mathematics,Spectrum_continuation_analysis
Mathematics,Spherical_geometry
Mathematics,Spherical_trigonometry
Mathematics,Statistical_mechanics
Mathematics,Statistical_modelling
Mathematics,Statistical_theory
Mathematics,Mathematical_statistics
Mathematics,Steganography
Mathematics,Stochastic_calculus
Mathematics,Malliavin_calculus
Mathematics,Stochastic_geometry
Mathematics,Stochastic_process
Mathematics,Stratified_Morse_theory
Mathematics,Super_linear_algebra
Mathematics,Surgery_theory
Mathematics,Survey_sampling
Mathematics,Survey_methodology
Mathematics,Symbolic_computation
Mathematics,Symbolic_dynamics
Mathematics,Symplectic_geometry
Mathematics,Symplectic_topology
Mathematics,Synthetic_differential_geometry
Mathematics,Synthetic_geometry
Mathematics,Systolic_geometry
Mathematics,Systolic_geometry
Mathematics,Tensor_analysis
Mathematics,Tensor_calculus
Mathematics,Tensor
Mathematics,Tessellation
Mathematics,Theoretical_physics
Mathematics,Theory_of_computation
Mathematics,Time-scale_calculus
Mathematics,Topology
Mathematics,Topological_combinatorics
Mathematics,Topological_degree_theory
Mathematics,Topological_graph_theory
Mathematics,Topological_K-theory
Mathematics,Topos_theory
Mathematics,Toric_geometry
Mathematics,Transcendental_number_theory
Mathematics,Transformation_geometry
Mathematics,Trigonometry
Mathematics,Tropical_analysis
Mathematics,Tropical_geometry
Mathematics,Twisted_K-theory
Mathematics,Type_theory
Mathematics,Umbral_calculus
Mathematics,Uncertainty_theory
Mathematics,Universal_algebra
Mathematics,Rational_trigonometry
Mathematics,Valuation_theory
Mathematics,Variational_analysis
Mathematics,Vector_analysis
Mathematics,Vector_calculus
Mathematics,Wavelet
Mathematics,Windowed_Fourier_transform
Mathematics,Window_function
